numeric,string,string,string,string,string
id,firstname,lastname,email,email2,profession
100,John,Tutor,Babita.Drisko@yopmail.com,Babita.Drisko@gmail.com,doctor
101,Nannie,Remmer,Nannie.Remmer@yopmail.com,Nannie.Remmer@gmail.com,police officer
102,Cacilie,Cassius,Cacilie.Cassius@yopmail.com,Cacilie.Cassius@gmail.com,police officer
103,Carolina,Danby,Carolina.Danby@yopmail.com,Carolina.Danby@gmail.com,police officer
104,Elyssa,Rhu,Elyssa.Rhu@yopmail.com,Elyssa.Rhu@gmail.com,worker
105,Clo,Loeb,Clo.Loeb@yopmail.com,Clo.Loeb@gmail.com,doctor
106,Ricky,Orlene,Ricky.Orlene@yopmail.com,Ricky.Orlene@gmail.com,developer
107,Oralee,Yerkovich,Oralee.Yerkovich@yopmail.com,Oralee.Yerkovich@gmail.com,developer
108,Lulita,Merell,Lulita.Merell@yopmail.com,Lulita.Merell@gmail.com,police officer
109,Lorenza,Beniamino,Lorenza.Beniamino@yopmail.com,Lorenza.Beniamino@gmail.com,firefighter
110,Peri,Holtz,Peri.Holtz@yopmail.com,Peri.Holtz@gmail.com,firefighter
111,Lila,Gibbeon,Lila.Gibbeon@yopmail.com,Lila.Gibbeon@gmail.com,doctor
112,Gilda,Joeann,Gilda.Joeann@yopmail.com,Gilda.Joeann@gmail.com,doctor
113,Merci,Nadia,Merci.Nadia@yopmail.com,Merci.Nadia@gmail.com,worker
114,Meriel,Emerson,Meriel.Emerson@yopmail.com,Meriel.Emerson@gmail.com,worker
115,Hallie,Cohdwell,Hallie.Cohdwell@yopmail.com,Hallie.Cohdwell@gmail.com,doctor
116,Chastity,Thad,Chastity.Thad@yopmail.com,Chastity.Thad@gmail.com,worker
117,Liana,Bach,Liana.Bach@yopmail.com,Liana.Bach@gmail.com,worker
118,Beatriz,Pernick,Beatriz.Pernick@yopmail.com,Beatriz.Pernick@gmail.com,doctor
119,Jinny,O'Carroll,Jinny.O'Carroll@yopmail.com,Jinny.O'Carroll@gmail.com,police officer
120,Giustina,Tamar,Giustina.Tamar@yopmail.com,Giustina.Tamar@gmail.com,doctor
121,Paule,Margret,Paule.Margret@yopmail.com,Paule.Margret@gmail.com,police officer
122,Margarette,Romelda,Margarette.Romelda@yopmail.com,Margarette.Romelda@gmail.com,firefighter
123,Myrtice,Mullane,Myrtice.Mullane@yopmail.com,Myrtice.Mullane@gmail.com,worker
124,Glenda,Capello,Glenda.Capello@yopmail.com,Glenda.Capello@gmail.com,worker
125,Collen,Levey,Collen.Levey@yopmail.com,Collen.Levey@gmail.com,developer
126,Marnia,Matthew,Marnia.Matthew@yopmail.com,Marnia.Matthew@gmail.com,doctor
127,Tybie,Madox,Tybie.Madox@yopmail.com,Tybie.Madox@gmail.com,police officer
128,Dorothy,Arne,Dorothy.Arne@yopmail.com,Dorothy.Arne@gmail.com,worker
129,Jerry,Carri,Jerry.Carri@yopmail.com,Jerry.Carri@gmail.com,worker
130,Reeba,Ephrem,Reeba.Ephrem@yopmail.com,Reeba.Ephrem@gmail.com,police officer
131,Renae,Dearborn,Renae.Dearborn@yopmail.com,Renae.Dearborn@gmail.com,worker
132,Taffy,Lowry,Taffy.Lowry@yopmail.com,Taffy.Lowry@gmail.com,worker
133,Therine,Henebry,Therine.Henebry@yopmail.com,Therine.Henebry@gmail.com,doctor
134,Kathi,Gilmour,Kathi.Gilmour@yopmail.com,Kathi.Gilmour@gmail.com,developer
135,Marsiella,Ellord,Marsiella.Ellord@yopmail.com,Marsiella.Ellord@gmail.com,firefighter
136,Camile,Edee,Camile.Edee@yopmail.com,Camile.Edee@gmail.com,developer
137,Sarette,Ethban,Sarette.Ethban@yopmail.com,Sarette.Ethban@gmail.com,firefighter
138,Noelle,Toni,Noelle.Toni@yopmail.com,Noelle.Toni@gmail.com,firefighter
139,Renae,Thunell,Renae.Thunell@yopmail.com,Renae.Thunell@gmail.com,police officer
140,Margalo,Jalbert,Margalo.Jalbert@yopmail.com,Margalo.Jalbert@gmail.com,developer
141,Tiffie,Hartnett,Tiffie.Hartnett@yopmail.com,Tiffie.Hartnett@gmail.com,firefighter
142,Joane,Belanger,Joane.Belanger@yopmail.com,Joane.Belanger@gmail.com,firefighter
143,Kimmy,Eldrid,Kimmy.Eldrid@yopmail.com,Kimmy.Eldrid@gmail.com,developer
144,Alyda,Kiyoshi,Alyda.Kiyoshi@yopmail.com,Alyda.Kiyoshi@gmail.com,firefighter
145,Chandra,Ricarda,Chandra.Ricarda@yopmail.com,Chandra.Ricarda@gmail.com,firefighter
146,Brooks,Ax,Brooks.Ax@yopmail.com,Brooks.Ax@gmail.com,doctor
147,Elena,Magdalen,Elena.Magdalen@yopmail.com,Elena.Magdalen@gmail.com,firefighter
148,Karly,Autrey,Karly.Autrey@yopmail.com,Karly.Autrey@gmail.com,worker
149,Lesly,Himelman,Lesly.Himelman@yopmail.com,Lesly.Himelman@gmail.com,police officer
