numeric,string,string,string,string,string
id,firstname,lastname,email,second_email,profession
100,Lory,Kendrick,Lory.Kendrick@yopmail.com,Lory.Kendrick@gmail.com,police officer
101,Brynna,Wallis,Brynna.Wallis@yopmail.com,Brynna.Wallis@gmail.com,police officer
102,Ronna,Dosia,Ronna.Dosia@yopmail.com,Ronna.Dosia@gmail.com,doctor
103,Merrie,Orpah,Merrie.Orpah@yopmail.com,Merrie.Orpah@gmail.com,police officer
104,Cherrita,Greenwald,Cherrita.Greenwald@yopmail.com,Cherrita.Greenwald@gmail.com,developer
105,Cassondra,Cosenza,Cassondra.Cosenza@yopmail.com,Cassondra.Cosenza@gmail.com,developer
106,Darlleen,Sawtelle,Darlleen.Sawtelle@yopmail.com,Darlleen.Sawtelle@gmail.com,worker
107,Joeann,Vanni,Joeann.Vanni@yopmail.com,Joeann.Vanni@gmail.com,worker
108,Madalyn,Narton,Madalyn.Narton@yopmail.com,Madalyn.Narton@gmail.com,doctor
109,Florie,Pierette,Florie.Pierette@yopmail.com,Florie.Pierette@gmail.com,police officer
110,Tilly,Charity,Tilly.Charity@yopmail.com,Tilly.Charity@gmail.com,developer
111,Stacey,Taima,Stacey.Taima@yopmail.com,Stacey.Taima@gmail.com,police officer
112,Berget,Edee,Berget.Edee@yopmail.com,Berget.Edee@gmail.com,firefighter
113,Nadine,Glenden,Nadine.Glenden@yopmail.com,Nadine.Glenden@gmail.com,doctor
114,Winifred,Clie,Winifred.Clie@yopmail.com,Winifred.Clie@gmail.com,doctor
115,Silvana,Anis,Silvana.Anis@yopmail.com,Silvana.Anis@gmail.com,developer
116,Alameda,Brian,Alameda.Brian@yopmail.com,Alameda.Brian@gmail.com,doctor
117,Pierette,Andrel,Pierette.Andrel@yopmail.com,Pierette.Andrel@gmail.com,police officer
118,Leontine,Swanhildas,Leontine.Swanhildas@yopmail.com,Leontine.Swanhildas@gmail.com,doctor
119,Genevra,Tacye,Genevra.Tacye@yopmail.com,Genevra.Tacye@gmail.com,police officer
120,Janis,Vins,Janis.Vins@yopmail.com,Janis.Vins@gmail.com,police officer
121,Roxane,Colleen,Roxane.Colleen@yopmail.com,Roxane.Colleen@gmail.com,firefighter
122,Rosanne,Lowry,Rosanne.Lowry@yopmail.com,Rosanne.Lowry@gmail.com,police officer
123,Dari,Susannah,Dari.Susannah@yopmail.com,Dari.Susannah@gmail.com,firefighter
124,Etta,Travax,Etta.Travax@yopmail.com,Etta.Travax@gmail.com,police officer
125,Gabriellia,Brittani,Gabriellia.Brittani@yopmail.com,Gabriellia.Brittani@gmail.com,worker
126,Alisha,Elephus,Alisha.Elephus@yopmail.com,Alisha.Elephus@gmail.com,police officer
127,Reeba,Niles,Reeba.Niles@yopmail.com,Reeba.Niles@gmail.com,developer
128,Kayla,Kermit,Kayla.Kermit@yopmail.com,Kayla.Kermit@gmail.com,police officer
129,Steffane,Eckblad,Steffane.Eckblad@yopmail.com,Steffane.Eckblad@gmail.com,police officer
130,Laurene,Paine,Laurene.Paine@yopmail.com,Laurene.Paine@gmail.com,firefighter
131,Krystle,McNully,Krystle.McNully@yopmail.com,Krystle.McNully@gmail.com,developer
132,Darlleen,Vivle,Darlleen.Vivle@yopmail.com,Darlleen.Vivle@gmail.com,worker
133,Noelle,Cookie,Noelle.Cookie@yopmail.com,Noelle.Cookie@gmail.com,doctor
134,Starla,Ingra,Starla.Ingra@yopmail.com,Starla.Ingra@gmail.com,developer
135,Joane,Urania,Joane.Urania@yopmail.com,Joane.Urania@gmail.com,developer
136,Xylina,Hanleigh,Xylina.Hanleigh@yopmail.com,Xylina.Hanleigh@gmail.com,police officer
137,Dominga,Autrey,Dominga.Autrey@yopmail.com,Dominga.Autrey@gmail.com,police officer
138,Nerta,Regan,Nerta.Regan@yopmail.com,Nerta.Regan@gmail.com,police officer
139,Melanie,Adore,Melanie.Adore@yopmail.com,Melanie.Adore@gmail.com,developer
140,Lenna,Hutchison,Lenna.Hutchison@yopmail.com,Lenna.Hutchison@gmail.com,developer
141,Kaia,Rillings,Kaia.Rillings@yopmail.com,Kaia.Rillings@gmail.com,worker
142,Odessa,Woodberry,Odessa.Woodberry@yopmail.com,Odessa.Woodberry@gmail.com,doctor
143,Lisette,Fink,Lisette.Fink@yopmail.com,Lisette.Fink@gmail.com,worker
144,Atlanta,Kannry,Atlanta.Kannry@yopmail.com,Atlanta.Kannry@gmail.com,police officer
145,Brooks,Mathilde,Brooks.Mathilde@yopmail.com,Brooks.Mathilde@gmail.com,doctor
146,Magdalena,Shanley,Magdalena.Shanley@yopmail.com,Magdalena.Shanley@gmail.com,doctor
147,Jean,Vanni,Jean.Vanni@yopmail.com,Jean.Vanni@gmail.com,worker
148,Nadine,Roarke,Nadine.Roarke@yopmail.com,Nadine.Roarke@gmail.com,worker
149,Demetris,MacIntosh,Demetris.MacIntosh@yopmail.com,Demetris.MacIntosh@gmail.com,worker
